"Symbol","Price","High24h","Low24h","Change","Volume","Timestamp"
"BTC","78728,50","79210,34","77000,00","-0,0060","369187764,81","2026-08-31T17:09:28.535Z"
"ETH","2470,71","2524,25","2387,24","-0,0209","214220636,83","2026-08-31T17:09:28.591Z"
"SOL","102,85","106,88","100,33","-0,0353","40717501,40","2026-08-31T17:09:28.616Z"
"XRP","1,3772","1,4335","1,3352","-0,0292","15925281,09","2026-08-31T17:09:28.540Z"
"ADA","0,19602","0,20598","0,18955","-0,0478","4384071,09","2026-08-31T17:09:28.595Z"
"DOGE","0,082936","0,086480","0,080802","-0,0386","2107834,16","2026-08-31T17:09:28.636Z"
"CRO","0,05611","0,06127","0,05509","-0,0593","1720572,89","2026-08-31T17:09:28.685Z"
"USDT","0,99978","1,00007","0,99949","-0,0002","1433627,02","2026-08-31T17:09:28.249Z"
"ARB","0,089064","0,090931","0,083134","-0,0071","759015,01","2026-08-31T17:09:28.317Z"
"HNT","0,6493","0,9660","0,5699","-0,2822","741867,34","2026-08-31T17:09:28.536Z"
"LINK","11,324","11,804","11,000","-0,0344","693004,73","2026-08-31T17:09:28.459Z"
"CASHCAT","0,20976","0,24071","0,17964","-0,1117","601715,52","2026-08-31T17:09:26.243Z"
"PAXG","4432,12","4476,57","4396,01","-0,0092","441343,95","2026-08-31T17:09:28.602Z"
"SUI","0,72221","0,76388","0,69759","-0,0482","407610,18","2026-08-31T17:09:28.507Z"
"XAUT","4425,25","4458,40","4389,04","-0,0073","406880,57","2026-08-31T17:09:28.698Z"
"HBAR","0,073211","0,076117","0,073000","-0,0314","392345,72","2026-08-31T17:09:28.466Z"
"LTC","48,357","50,016","47,438","-0,0326","274685,85","2026-08-31T17:09:28.508Z"
"HFT","0,030026","0,037985","0,024173","0,0386","274079,84","2026-08-07T12:53:00.258Z"
"SKR","0,030312","0,035630","0,017113","0,6800","246393,19","2026-08-31T17:09:26.417Z"
"XLM","0,17722","0,18232","0,17258","-0,0271","184630,75","2026-08-31T17:09:28.519Z"
"PEPE","0,000003558","0,000003808","0,000003350","-0,0629","161676,18","2026-08-31T17:09:28.539Z"
"DOT","0,8306","0,8652","0,8077","-0,0381","158950,85","2026-08-31T17:09:28.611Z"
"TRUMP","2,407","2,580","2,287","-0,0660","150631,63","2026-08-31T17:09:28.631Z"
"AVAX","7,198","7,453","7,015","-0,0333","131861,31","2026-08-31T17:09:28.411Z"
"TAO","227,22","241,48","224,30","-0,0569","119882,70","2026-08-31T17:09:28.468Z"
"SHIB","0,000005039","0,000005228","0,000004894","-0,0336","117567,61","2026-08-31T17:09:28.438Z"
"NEAR","1,8546","1,9257","1,7901","-0,0183","111881,51","2026-08-31T17:09:28.646Z"
"UNI","5,1292","5,4842","4,9818","-0,0418","110004,95","2026-08-31T17:09:28.642Z"
"HYPE","84,066","84,859","79,000","-0,0012","109500,46","2026-08-31T17:09:27.317Z"
"VET","0,0067398","0,0071344","0,0066480","-0,0493","87333,83","2026-08-31T17:09:28.526Z"
"BCH","246,61","254,70","239,45","-0,0291","78340,49","2026-08-31T17:09:28.508Z"
"ANIME","0,002895","0,003196","0,002666","0,0822","75912,61","2026-08-31T17:09:00.234Z"
"AAVE","122,983","130,142","120,951","-0,0493","67437,96","2026-08-31T17:09:28.572Z"
"FLR","0,006752","0,008074","0,006290","0,0265","64615,22","2026-08-31T17:09:28.418Z"
"POL","0,090047","0,101497","0,086294","-0,1111","63855,36","2026-08-31T17:09:28.514Z"
"PONS","0,41000","0,44000","0,26379","0,2596","58089,65","2026-08-31T17:09:28.446Z"
"FET","0,1498","0,1604","0,1455","-0,0453","57610,47","2026-08-31T17:09:28.672Z"
"AXL","0,04436","0,05271","0,03963","0,0475","52408,01","2026-08-31T17:09:28.143Z"
"PUMP","0,0043017","0,0048634","0,0041799","-0,1115","49912,66","2026-08-31T17:09:28.684Z"
"USELESS","0,086188","0,086938","0,062216","0,3462","48533,15","2026-08-31T17:09:28.513Z"
"ENA","0,14973","0,16507","0,14584","-0,0884","48074,03","2026-08-31T17:09:28.562Z"
"ATOM","1,466","1,502","1,440","-0,0194","47700,27","2026-08-31T17:09:27.568Z"
"ICP","2,4045","2,4669","2,3283","-0,0247","47471,30","2026-08-31T17:09:28.198Z"
"VVS","0,0000009525","0,0000013624","0,0000009393","-0,0689","44915,15","2026-08-31T17:09:28.634Z"
"EPIC","0,3395","0,3789","0,3265","-0,0093","43340,55","2026-08-31T17:09:28.513Z"
"WLD","0,3578","0,3893","0,3536","-0,0750","42936,16","2026-08-31T17:09:28.425Z"
"BASECAT","0,032345","0,042378","0,021489","0,2606","39233,80","2026-08-31T17:09:19.728Z"
"GRAM","1,3970","1,4548","1,3243","0,0208","38090,33","2026-08-31T17:09:28.535Z"
"BONK","0,000002963","0,000003073","0,000002761","-0,0123","30244,99","2026-08-31T17:09:28.092Z"
"ALGO","0,08540","0,08879","0,08382","-0,0382","27427,99","2026-08-31T17:09:28.486Z"
"WLFI","0,05774","0,05801","0,05504","-0,0041","26437,78","2026-08-31T17:09:28.368Z"
"1INCH","0,08825","0,09101","0,08726","-0,0286","26415,63","2026-08-31T17:09:28.600Z"
"ZORA","0,009346","0,011940","0,007148","0,3075","25906,32","2026-08-31T17:09:28.572Z"
"GOATED","0,008132","0,008546","0,007161","-0,0044","25879,42","2026-08-31T17:09:28.429Z"
"INJ","4,938","5,325","4,884","-0,0708","25194,10","2026-08-31T17:09:27.566Z"
"QNT","61,348","62,536","59,767","-0,0128","24500,43","2026-08-31T17:09:28.470Z"
"GALA","0,001737","0,001790","0,001625","-0,0269","24462,99","2026-08-31T17:09:28.604Z"
"GHST","0,079516","0,097688","0,065676","0,1210","24041,98","2026-08-31T17:09:28.539Z"
"W","0,009101","0,009600","0,008907","-0,0443","23903,43","2026-08-31T17:09:28.460Z"
"CSPR","0,002751","0,002895","0,002556","-0,0072","23769,89","2026-08-31T17:09:28.635Z"
"NOT","0,0004679","0,0004708","0,0004035","0,1133","22436,12","2026-08-31T17:09:28.694Z"
"JUP","0,21429","0,22081","0,20189","-0,0295","22026,66","2026-08-31T17:09:28.502Z"
"ZRO","1,0606","1,1135","1,0160","-0,0209","20960,34","2026-08-31T17:09:28.509Z"
"EGLD","3,829","4,017","3,697","-0,0005","20763,55","2026-08-31T17:09:05.531Z"
"LUNC","0,00005067","0,00005303","0,00004982","-0,0336","20568,83","2026-08-31T17:09:22.809Z"
"JASMY","0,0048322","0,0049028","0,0042946","0,0539","20343,58","2026-08-31T17:09:28.513Z"
"VELO","0,0047646","0,0053355","0,0045277","-0,0266","19810,74","2026-08-31T17:09:00.248Z"
"RSR","0,0013432","0,0014186","0,0013045","-0,0532","19721,96","2026-08-31T17:09:03.539Z"
"THETA","0,16768","0,17534","0,16527","-0,0437","19637,72","2026-08-31T17:09:28.495Z"
"WEN","0,0000114683","0,0000130204","0,0000105667","-0,0831","19378,43","2026-08-31T17:09:28.372Z"
"ADI","7,00507","7,00507","6,87174","0,0194","18996,24","2026-08-31T17:09:28.384Z"
"STX","0,2504","0,2507","0,2333","0,0225","18695,21","2026-08-31T17:09:28.165Z"
"BICO","0,02329","0,02377","0,02071","0,0273","18139,21","2026-08-31T17:09:28.677Z"
"PEAQ","0,022610","0,025291","0,022361","-0,0926","17816,43","2026-08-31T17:09:00.206Z"
"APE","0,1346","0,1402","0,1304","-0,0399","17803,82","2026-08-31T17:09:27.823Z"
"ES","0,00129","0,00188","0,00116","-0,2086","17796,97","2026-08-31T17:09:00.076Z"
"FARTCOIN","0,17360","0,19064","0,16942","-0,0894","17576,92","2026-08-31T17:09:28.658Z"
"CRV","0,3111","0,3158","0,2911","0,0101","16529,10","2026-08-31T17:09:28.582Z"
"AKT","0,5110","0,5347","0,4986","-0,0431","16481,80","2026-08-31T17:09:28.687Z"
"DGB","0,004593","0,004915","0,004593","-0,0545","16028,46","2026-08-31T17:09:00.241Z"
"AR","2,0573","2,1573","2,0193","-0,0321","15444,04","2026-08-31T17:09:28.496Z"
"WIF","0,1974","0,2032","0,1874","-0,0276","14511,63","2026-08-31T17:09:27.585Z"
"LDO","0,3554","0,3782","0,3451","-0,0258","14367,72","2026-08-31T17:09:28.622Z"
"HOT","0,0003880","0,0003899","0,0003701","0,0125","13306,66","2026-08-31T17:09:00.195Z"
"CVX","2,2408","2,3511","2,1678","-0,0369","12769,77","2026-08-31T17:09:28.598Z"
"APT","0,5250","0,5516","0,5152","-0,0409","12587,74","2026-08-31T17:09:28.403Z"
"MOVE","0,010550","0,011178","0,009148","0,0250","12488,34","2026-07-23T03:59:00.188Z"
"WBTC","77464,57","77489,26","75029,45","0,0193","12108,67","2026-08-31T17:09:26.644Z"
"LVVA","0,0010108","0,0013570","0,0005750","0,3736","11648,72","2026-08-31T17:09:00.116Z"
"VRA","0,000017263","0,000018700","0,000016000","-0,0135","11301,28","2026-08-31T17:09:22.492Z"
"ELON","0,00000003348","0,00000003499","0,00000003285","-0,0377","11164,93","2026-08-31T17:09:26.617Z"
"ONDO","0,34279","0,36364","0,33868","-0,0540","10691,42","2026-08-31T17:09:28.582Z"
"FLOKI","0,00002421","0,00002577","0,00002359","-0,0605","10611,89","2026-08-31T17:09:28.569Z"
"AIOZ","0,056900","0,059950","0,056049","-0,0302","10292,62","2026-08-31T17:09:28.415Z"
"RENDER","1,4138","1,4784","1,3832","-0,0436","10241,42","2026-08-31T17:09:28.615Z"
"GRT","0,01631","0,01686","0,01591","-0,0326","10191,48","2026-08-31T17:09:14.869Z"
"DOGS","0,000046334","0,000047450","0,000037326","0,1724","9998,62","2026-08-31T17:09:25.725Z"
"FIL","0,6720","0,6941","0,6500","-0,0233","9670,88","2026-08-31T17:09:28.695Z"
"CHZ","0,01321","0,01394","0,01314","-0,0524","9346,60","2026-08-31T17:09:13.105Z"
"ORDI","3,8970","4,0669","3,7942","-0,0418","8955,58","2026-08-31T17:09:28.481Z"
